_ - resultsPage - page,_ - resultsPage - status,_ - resultsPage - perPage,_ - resultsPage - totalEntries,_ - resultsPage - results - event - _ - id,_ - resultsPage - results - event - _ - uri,_ - resultsPage - results - event - _ - type,_ - resultsPage - results - event - _ - status,_ - resultsPage - results - event - _ - popularity,_ - resultsPage - results - event - _ - displayName,_ - resultsPage - results - event - _ - ageRestriction,_ - resultsPage - results - event - _ - flaggedAsEnded,_ - resultsPage - results - event - _ - performance - _ - id,_ - resultsPage - results - event - _ - performance - _ - billing,_ - resultsPage - results - event - _ - performance - _ - displayName,_ - resultsPage - results - event - _ - performance - _ - billingIndex,_ - resultsPage - results - event - _ - performance - _ - artist - id,_ - resultsPage - results - event - _ - performance - _ - artist - uri,_ - resultsPage - results - event - _ - performance - _ - artist - displayName,_ - resultsPage - results - event - _ - performance - _ - artist - identifier - _ - mbid,_ - resultsPage - results - event - _ - performance - _ - artist - identifier - _ - href,_ - resultsPage - results - event - _ - start - date,_ - resultsPage - results - event - _ - start - time,_ - resultsPage - results - event - _ - start - datetime,_ - resultsPage - results - event - _ - venue - id,_ - resultsPage - results - event - _ - venue - uri,_ - resultsPage - results - event - _ - venue - lat,_ - resultsPage - results - event - _ - venue - lng,_ - resultsPage - results - event - _ - venue - displayName,_ - resultsPage - results - event - _ - venue - metroArea - id,_ - resultsPage - results - event - _ - venue - metroArea - uri,_ - resultsPage - results - event - _ - venue - metroArea - displayName,_ - resultsPage - results - event - _ - venue - metroArea - state - displayName,_ - resultsPage - results - event - _ - venue - metroArea - country - displayName,_ - resultsPage - results - event - _ - location - lat,_ - resultsPage - results - event - _ - location - lng,_ - resultsPage - results - event - _ - location - city
1,ok,50,3924,39192129,http://www.songkick.com/concerts/39192129-js-ondara-at-tribeca-360?utm_source=59227&utm_medium=partner,Concert,ok,6.23E-4,"J.S. Ondara at Tribeca 360 (October 17, 2019)",,false,74193619,headline,J.S. Ondara,1,9243014,http://www.songkick.com/artists/9243014-js-ondara?utm_source=59227&utm_medium=partner,J.S. Ondara,46b8e29c-0ea5-45a9-a068-4313097c86ff,http://api.songkick.com/api/3.0/artists/mbid:46b8e29c-0ea5-45a9-a068-4313097c86ff.json,2019-10-17,20:00:00,2019-10-17T20:00:00-0400,4333835,http://www.songkick.com/venues/4333835-tribeca-360?utm_source=59227&utm_medium=partner,40.72179,-74.00945,Tribeca 360,7644,http://www.songkick.com/metro_areas/7644-us-new-york?utm_source=59227&utm_medium=partner,New York,NY,US,40.72179,-74.00945,"New York, NY, US"
,,,,37387934,http://www.songkick.com/concerts/37387934-taking-back-sunday-at-terminal-5?utm_source=59227&utm_medium=partner,Concert,ok,0.098028,"Taking Back Sunday at Terminal 5 (November 15, 2019)",,false,71060539,headline,Taking Back Sunday,1,117092,http://www.songkick.com/artists/117092-taking-back-sunday?utm_source=59227&utm_medium=partner,Taking Back Sunday,350bce49-c21b-4137-b50a-0766ded07e4d,http://api.songkick.com/api/3.0/artists/mbid:350bce49-c21b-4137-b50a-0766ded07e4d.json,2019-11-15,19:00:00,2019-11-15T19:00:00-0500,3199,http://www.songkick.com/venues/3199-terminal-5?utm_source=59227&utm_medium=partner,40.77066,-73.99427,Terminal 5,7644,http://www.songkick.com/metro_areas/7644-us-new-york-nyc?utm_source=59227&utm_medium=partner,New York (NYC),NY,US,40.77066,-73.99427,"New York (NYC), NY, US"
,,,,38107934,http://www.songkick.com/concerts/38107934-joe-bonamassa-at-beacon-theatre?utm_source=59227&utm_medium=partner,Concert,ok,0.041552,"Joe Bonamassa at Beacon Theatre (November 15, 2019)",,false,72331094,headline,Joe Bonamassa,1,414198,http://www.songkick.com/artists/414198-joe-bonamassa?utm_source=59227&utm_medium=partner,Joe Bonamassa,984f8239-8fe1-4683-9c54-10ffb14439e9,http://api.songkick.com/api/3.0/artists/mbid:984f8239-8fe1-4683-9c54-10ffb14439e9.json,2019-11-15,20:00:00,2019-11-15T20:00:00-0500,1025,http://www.songkick.com/venues/1025-beacon-theatre?utm_source=59227&utm_medium=partner,40.77604,-73.98204,Beacon Theatre,7644,http://www.songkick.com/metro_areas/7644-us-new-york-nyc?utm_source=59227&utm_medium=partner,New York (NYC),NY,US,40.77604,-73.98204,"New York (NYC), NY, US"
,,,,38262984,http://www.songkick.com/concerts/38262984-billy-joel-at-madison-square-garden?utm_source=59227&utm_medium=partner,Concert,ok,0.260722,"Billy Joel at Madison Square Garden (November 15, 2019)",,false,72605939,headline,Billy Joel,1,296988,http://www.songkick.com/artists/296988-billy-joel?utm_source=59227&utm_medium=partner,Billy Joel,64b94289-9474-4d43-8c93-918ccc1920d1,http://api.songkick.com/api/3.0/artists/mbid:64b94289-9474-4d43-8c93-918ccc1920d1.json,2019-11-15,20:00:00,2019-11-15T20:00:00-0500,477,http://www.songkick.com/venues/477-madison-square-garden?utm_source=59227&utm_medium=partner,40.74971,-73.99156,Madison Square Garden,7644,http://www.songkick.com/metro_areas/7644-us-new-york-nyc?utm_source=59227&utm_medium=partner,New York (NYC),NY,US,40.74971,-73.99156,"New York (NYC), NY, US"
,,,,38334859,http://www.songkick.com/concerts/38334859-ron-with-leeds-at-digitally-imported-radio-epic-trance-channel?utm_source=59227&utm_medium=partner,Concert,ok,2.0E-6,"Ron with Leeds at Digitally Imported Radio - Epic Trance Channel (November 15, 2019)",,false,72726719,headline,Ron with Leeds,1,9992314,http://www.songkick.com/artists/9992314-ron-with-leeds?utm_source=59227&utm_medium=partner,Ron with Leeds,,,2019-11-15,,,4278989,http://www.songkick.com/venues/4278989-digitally-imported-radio-epic-trance-channel?utm_source=59227&utm_medium=partner,,,Digitally Imported Radio - Epic Trance Channel,7644,http://www.songkick.com/metro_areas/7644-us-new-york-nyc?utm_source=59227&utm_medium=partner,New York (NYC),NY,US,40.7128,-74.006,"New York (NYC), NY, US"
,,,,38379064,http://www.songkick.com/concerts/38379064-blue-october-at-webster-hall?utm_source=59227&utm_medium=partner,Concert,ok,0.055722,"Blue October with Longwave at Webster Hall (November 15, 2019)",,false,72802789,headline,Blue October,1,500273,http://www.songkick.com/artists/500273-blue-october?utm_source=59227&utm_medium=partner,Blue October,96fafb0a-2f1d-4b15-b2a0-9e0e660e7ecf,http://api.songkick.com/api/3.0/artists/mbid:96fafb0a-2f1d-4b15-b2a0-9e0e660e7ecf.json,2019-11-15,19:00:00,2019-11-15T19:00:00-0500,924,http://www.songkick.com/venues/924-webster-hall?utm_source=59227&utm_medium=partner,40.73177,-73.98911,Webster Hall,7644,http://www.songkick.com/metro_areas/7644-us-new-york-nyc?utm_source=59227&utm_medium=partner,New York (NYC),NY,US,40.73177,-73.98911,"New York (NYC), NY, US"
,,,,,,,,,,,,,,,,,,,d6a3eeec-cde0-4c10-89b2-93e0bd5f34e6,http://api.songkick.com/api/3.0/artists/mbid:d6a3eeec-cde0-4c10-89b2-93e0bd5f34e6.json,,,,,,,,,,,,,,,,
,,,,,,,,,,,,73574099,support,Longwave,2,142709,http://www.songkick.com/artists/142709-longwave?utm_source=59227&utm_medium=partner,Longwave,b476264b-dcdc-4cbf-bd40-9eddaf5a6942,http://api.songkick.com/api/3.0/artists/mbid:b476264b-dcdc-4cbf-bd40-9eddaf5a6942.json,,,,,,,,,,,,,,,,
,,,,38381004,http://www.songkick.com/concerts/38381004-last-dinosaurs-at-music-hall-of-williamsburg?utm_source=59227&utm_medium=partner,Concert,ok,0.024365,"Last Dinosaurs and Born Ruffians at Music Hall of Williamsburg (November 15, 2019)",,false,72805869,headline,Last Dinosaurs,1,1815039,http://www.songkick.com/artists/1815039-last-dinosaurs?utm_source=59227&utm_medium=partner,Last Dinosaurs,546b225b-162d-4b81-b649-032616736db7,http://api.songkick.com/api/3.0/artists/mbid:546b225b-162d-4b81-b649-032616736db7.json,2019-11-15,19:00:00,2019-11-15T19:00:00-0500,16246,http://www.songkick.com/venues/16246-music-hall-of-williamsburg?utm_source=59227&utm_medium=partner,40.71928,-73.96171,Music Hall of Williamsburg,7644,http://www.songkick.com/metro_areas/7644-us-new-york-nyc?utm_source=59227&utm_medium=partner,New York (NYC),NY,US,40.71928,-73.96171,"Brooklyn, NY, US"
,,,,,,,,,,,,74250895,headline,Born Ruffians,2,22233,http://www.songkick.com/artists/22233-born-ruffians?utm_source=59227&utm_medium=partner,Born Ruffians,87e58b4e-465c-4d8b-bfee-9c49ca8b7358,http://api.songkick.com/api/3.0/artists/mbid:87e58b4e-465c-4d8b-bfee-9c49ca8b7358.json,,,,,,,,,,,,,,,,
,,,,38397054,http://www.songkick.com/concerts/38397054-hilltop-hoods-at-brooklyn-bowl?utm_source=59227&utm_medium=partner,Concert,ok,0.035791,"Hilltop Hoods and Adrian Eagle at Brooklyn Bowl (November 15, 2019)",,false,72833904,headline,Hilltop Hoods,1,501001,http://www.songkick.com/artists/501001-hilltop-hoods?utm_source=59227&utm_medium=partner,Hilltop Hoods,16e1fb95-6d1c-45a3-aad8-d3bcd7e06aac,http://api.songkick.com/api/3.0/artists/mbid:16e1fb95-6d1c-45a3-aad8-d3bcd7e06aac.json,2019-11-15,23:59:00,2019-11-15T23:59:00-0500,493846,http://www.songkick.com/venues/493846-brooklyn-bowl?utm_source=59227&utm_medium=partner,40.72188,-73.95739,Brooklyn Bowl,7644,http://www.songkick.com/metro_areas/7644-us-new-york-nyc?utm_source=59227&utm_medium=partner,New York (NYC),NY,US,40.72188,-73.95739,"Brooklyn, NY, US"
,,,,,,,,,,,,72833909,headline,Adrian Eagle,2,9343859,http://www.songkick.com/artists/9343859-adrian-eagle?utm_source=59227&utm_medium=partner,Adrian Eagle,25e90797-f2e7-4991-b61b-25d98961b913,http://api.songkick.com/api/3.0/artists/mbid:25e90797-f2e7-4991-b61b-25d98961b913.json,,,,,,,,,,,,,,,,
,,,,38447429,http://www.songkick.com/concerts/38447429-tom-rush-at-rubin-museum-of-art?utm_source=59227&utm_medium=partner,Concert,ok,0.002171,"Tom Rush at Rubin Museum Of Art (November 15, 2019)",,false,72919019,headline,Tom Rush,1,544338,http://www.songkick.com/artists/544338-tom-rush?utm_source=59227&utm_medium=partner,Tom Rush,7a64f2ab-0605-466b-92ce-ddeb7bef5d42,http://api.songkick.com/api/3.0/artists/mbid:7a64f2ab-0605-466b-92ce-ddeb7bef5d42.json,2019-11-15,18:00:00,2019-11-15T18:00:00-0500,72308,http://www.songkick.com/venues/72308-rubin-museum-of-art?utm_source=59227&utm_medium=partner,40.74002,-73.9978,Rubin Museum Of Art,7644,http://www.songkick.com/metro_areas/7644-us-new-york-nyc?utm_source=59227&utm_medium=partner,New York (NYC),NY,US,40.74002,-73.9978,"New York (NYC), NY, US"
,,,,38452924,http://www.songkick.com/concerts/38452924-kikagaku-moyo-at-warsaw?utm_source=59227&utm_medium=partner,Concert,ok,0.004383,"Kikagaku Moyo with Minami Deutsch at Warsaw (November 15, 2019)",,false,72927749,headline,Kikagaku Moyo,1,6750884,http://www.songkick.com/artists/6750884-kikagaku-moyo?utm_source=59227&utm_medium=partner,Kikagaku Moyo,3a605eba-b6a1-4298-855d-b3033df0bf8b,http://api.songkick.com/api/3.0/artists/mbid:3a605eba-b6a1-4298-855d-b3033df0bf8b.json,2019-11-15,20:00:00,2019-11-15T20:00:00-0500,802,http://www.songkick.com/venues/802-warsaw?utm_source=59227&utm_medium=partner,40.72254,-73.9484,Warsaw,7644,http://www.songkick.com/metro_areas/7644-us-new-york-nyc?utm_source=59227&utm_medium=partner,New York (NYC),NY,US,40.72254,-73.9484,"Brooklyn, NY, US"
,,,,,,,,,,,,73017049,support,Minami Deutsch,2,8304893,http://www.songkick.com/artists/8304893-minami-deutsch?utm_source=59227&utm_medium=partner,Minami Deutsch,a51ae558-d194-400c-a92f-66b471f92fb7,http://api.songkick.com/api/3.0/artists/mbid:a51ae558-d194-400c-a92f-66b471f92fb7.json,,,,,,,,,,,,,,,,
,,,,38576149,http://www.songkick.com/concerts/38576149-mxmtoon-at-gramercy-theatre?utm_source=59227&utm_medium=partner,Concert,ok,0.007936,"mxmtoon with Chloe Lilac at Gramercy Theatre (November 15, 2019)",,false,73141774,headline,mxmtoon,1,9541014,http://www.songkick.com/artists/9541014-mxmtoon?utm_source=59227&utm_medium=partner,mxmtoon,ccbced49-2689-46f8-9101-1c265d6f7b8f,http://api.songkick.com/api/3.0/artists/mbid:ccbced49-2689-46f8-9101-1c265d6f7b8f.json,2019-11-15,19:00:00,2019-11-15T19:00:00-0500,502461,http://www.songkick.com/venues/502461-gramercy-theatre?utm_source=59227&utm_medium=partner,40.73977,-73.98493,Gramercy Theatre,7644,http://www.songkick.com/metro_areas/7644-us-new-york-nyc?utm_source=59227&utm_medium=partner,New York (NYC),NY,US,40.73977,-73.98493,"New York (NYC), NY, US"
,,,,,,,,,,,,73862523,support,Chloe Lilac,2,9103564,http://www.songkick.com/artists/9103564-chloe-lilac?utm_source=59227&utm_medium=partner,Chloe Lilac,,,,,,,,,,,,,,,,,,
,,,,38618094,http://www.songkick.com/concerts/38618094-david-grisman-at-iridium?utm_source=59227&utm_medium=partner,Concert,ok,0.004248,"David Grisman at Iridium (November 15, 2019)",,false,73209789,headline,David Grisman,1,141530,http://www.songkick.com/artists/141530-david-grisman?utm_source=59227&utm_medium=partner,David Grisman,402e4f4f-33aa-4b2b-9fdb-3cb4eb38f729,http://api.songkick.com/api/3.0/artists/mbid:402e4f4f-33aa-4b2b-9fdb-3cb4eb38f729.json,2019-11-15,20:30:00,2019-11-15T20:30:00-0500,725656,http://www.songkick.com/venues/725656-iridium?utm_source=59227&utm_medium=partner,40.76186,-73.98333,Iridium,7644,http://www.songkick.com/metro_areas/7644-us-new-york-nyc?utm_source=59227&utm_medium=partner,New York (NYC),NY,US,40.76186,-73.98333,"New York (NYC), NY, US"
,,,,38807664,http://www.songkick.com/concerts/38807664-chucho-valdes-at-rose-theater-jazz-at-lincoln-center?utm_source=59227&utm_medium=partner,Concert,ok,0.016643,"Chucho Valdes and Chick Corea at Rose Theater, Jazz at Lincoln Center (November 15, 2019)",,false,73537044,headline,Chucho Valdes,1,406653,http://www.songkick.com/artists/406653-chucho-valdes?utm_source=59227&utm_medium=partner,Chucho Valdes,6999d571-cc1b-4426-8071-b3b266a0a5d1,http://api.songkick.com/api/3.0/artists/mbid:6999d571-cc1b-4426-8071-b3b266a0a5d1.json,2019-11-15,,,9440,http://www.songkick.com/venues/9440-rose-theater-jazz-at-lincoln-center?utm_source=59227&utm_medium=partner,40.7689,-73.982,"Rose Theater, Jazz at Lincoln Center",7644,http://www.songkick.com/metro_areas/7644-us-new-york-nyc?utm_source=59227&utm_medium=partner,New York (NYC),NY,US,40.7689,-73.982,"New York (NYC), NY, US"
,,,,,,,,,,,,73537049,headline,Chick Corea,2,206143,http://www.songkick.com/artists/206143-chick-corea?utm_source=59227&utm_medium=partner,Chick Corea,8446fcca-109e-4c6d-a2ff-5a269b32b4c2,http://api.songkick.com/api/3.0/artists/mbid:8446fcca-109e-4c6d-a2ff-5a269b32b4c2.json,,,,,,,,,,,,,,,,
,,,,38883438,http://www.songkick.com/concerts/38883438-coronas-at-mercury-lounge?utm_source=59227&utm_medium=partner,Concert,ok,0.005469,"The Coronas with Kris Gruen at Mercury Lounge (November 15, 2019)",,false,73669288,headline,The Coronas,1,11215,http://www.songkick.com/artists/11215-coronas?utm_source=59227&utm_medium=partner,The Coronas,59c3fe2b-468e-47cb-8173-3e3e81f8a75f,http://api.songkick.com/api/3.0/artists/mbid:59c3fe2b-468e-47cb-8173-3e3e81f8a75f.json,2019-11-15,19:30:00,2019-11-15T19:30:00-0500,364,http://www.songkick.com/venues/364-mercury-lounge?utm_source=59227&utm_medium=partner,40.72216,-73.98671,Mercury Lounge,7644,http://www.songkick.com/metro_areas/7644-us-new-york-nyc?utm_source=59227&utm_medium=partner,New York (NYC),NY,US,40.72216,-73.98671,"New York (NYC), NY, US"
,,,,,,,,,,,,74255363,support,Kris Gruen,2,1296364,http://www.songkick.com/artists/1296364-kris-gruen?utm_source=59227&utm_medium=partner,Kris Gruen,caa4d943-922c-4c68-bb78-eea77c6bd1d9,http://api.songkick.com/api/3.0/artists/mbid:caa4d943-922c-4c68-bb78-eea77c6bd1d9.json,,,,,,,,,,,,,,,,
,,,,38947414,http://www.songkick.com/concerts/38947414-freestyle-love-supreme-at-booth-theatre?utm_source=59227&utm_medium=partner,Concert,ok,7.1E-5,"Freestyle Love Supreme at Booth Theatre (November 15, 2019)",,false,73781234,headline,Freestyle Love Supreme,1,987708,http://www.songkick.com/artists/987708-freestyle-love-supreme?utm_source=59227&utm_medium=partner,Freestyle Love Supreme,,,2019-11-15,20:00:00,2019-11-15T20:00:00-0500,2666138,http://www.songkick.com/venues/2666138-booth-theatre?utm_source=59227&utm_medium=partner,40.76026,-73.99329,Booth Theatre,7644,http://www.songkick.com/metro_areas/7644-us-new-york-nyc?utm_source=59227&utm_medium=partner,New York (NYC),NY,US,40.76026,-73.99329,"New York (NYC), NY, US"
,,,,38948144,http://www.songkick.com/concerts/38948144-kem-at-nycb-theatre-at-westbury?utm_source=59227&utm_medium=partner,Concert,ok,0.026714,"Kem at NYCB Theatre at Westbury (November 15, 2019)",,false,73782004,headline,Kem,1,151653,http://www.songkick.com/artists/151653-kem?utm_source=59227&utm_medium=partner,Kem,3615bc8c-7026-44c0-b3e5-61ece996341c,http://api.songkick.com/api/3.0/artists/mbid:3615bc8c-7026-44c0-b3e5-61ece996341c.json,2019-11-15,20:00:00,2019-11-15T20:00:00-0500,1092586,http://www.songkick.com/venues/1092586-nycb-theatre-at-westbury?utm_source=59227&utm_medium=partner,40.7743,-73.5593,NYCB Theatre at Westbury,7644,http://www.songkick.com/metro_areas/7644-us-new-york-nyc?utm_source=59227&utm_medium=partner,New York (NYC),NY,US,40.7743,-73.5593,"Westbury, NY, US"
,,,,,,,,,,,,,,,,,,,0609c172-8605-490c-9494-e1019803e817,http://api.songkick.com/api/3.0/artists/mbid:0609c172-8605-490c-9494-e1019803e817.json,,,,,,,,,,,,,,,,
,,,,38949325,http://www.songkick.com/concerts/38949325-scoville-unit-at-berlin?utm_source=59227&utm_medium=partner,Concert,ok,4.0E-6,"Scoville Unit with Earnhardt and BLUEOX at Berlin (November 15, 2019)",,false,73784023,headline,Scoville Unit,1,1485111,http://www.songkick.com/artists/1485111-scoville-unit?utm_source=59227&utm_medium=partner,Scoville Unit,f294423d-9b50-4bc3-bd40-962b7e64df07,http://api.songkick.com/api/3.0/artists/mbid:f294423d-9b50-4bc3-bd40-962b7e64df07.json,2019-11-15,20:00:00,2019-11-15T20:00:00-0500,3045529,http://www.songkick.com/venues/3045529-berlin?utm_source=59227&utm_medium=partner,40.72301,-73.98606,Berlin,7644,http://www.songkick.com/metro_areas/7644-us-new-york-nyc?utm_source=59227&utm_medium=partner,New York (NYC),NY,US,40.72301,-73.98606,"New York (NYC), NY, US"
,,,,,,,,,,,,74225786,support,Earnhardt,2,8463713,http://www.songkick.com/artists/8463713-earnhardt?utm_source=59227&utm_medium=partner,Earnhardt,,,,,,,,,,,,,,,,,,
,,,,,,,,,,,,74225787,support,BLUEOX,3,10059845,http://www.songkick.com/artists/10059845-blueox?utm_source=59227&utm_medium=partner,BLUEOX,,,,,,,,,,,,,,,,,,
,,,,38949623,http://www.songkick.com/concerts/38949623-audrey-assad-at-all-angels-episcopal-church?utm_source=59227&utm_medium=partner,Concert,ok,0.00727,"Audrey Assad at All Angels Episcopal Church (November 15, 2019)",,false,73784566,headline,Audrey Assad,1,3685706,http://www.songkick.com/artists/3685706-audrey-assad?utm_source=59227&utm_medium=partner,Audrey Assad,280e4d8f-4ed1-43ae-8927-cd040ad58655,http://api.songkick.com/api/3.0/artists/mbid:280e4d8f-4ed1-43ae-8927-cd040ad58655.json,2019-11-15,,,1158001,http://www.songkick.com/venues/1158001-all-angels-episcopal-church?utm_source=59227&utm_medium=partner,40.78496,-73.97998,All Angels Episcopal Church,7644,http://www.songkick.com/metro_areas/7644-us-new-york-nyc?utm_source=59227&utm_medium=partner,New York (NYC),NY,US,40.78496,-73.97998,"New York (NYC), NY, US"
,,,,38949673,http://www.songkick.com/concerts/38949673-mandolin-orange-at-brooklyn-steel?utm_source=59227&utm_medium=partner,Concert,ok,0.011751,"Mandolin Orange with Sunny War at Brooklyn Steel (November 15, 2019)",,false,73784674,headline,Mandolin Orange,1,2589866,http://www.songkick.com/artists/2589866-mandolin-orange?utm_source=59227&utm_medium=partner,Mandolin Orange,4484644c-66be-4e2b-beaf-c5780e9c8e50,http://api.songkick.com/api/3.0/artists/mbid:4484644c-66be-4e2b-beaf-c5780e9c8e50.json,2019-11-15,19:30:00,2019-11-15T19:30:00-0500,3457684,http://www.songkick.com/venues/3457684-brooklyn-steel?utm_source=59227&utm_medium=partner,40.71936,-73.93878,Brooklyn Steel,7644,http://www.songkick.com/metro_areas/7644-us-new-york-nyc?utm_source=59227&utm_medium=partner,New York (NYC),NY,US,40.71936,-73.93878,"Brooklyn, NY, US"
,,,,,,,,,,,,73784675,support,Sunny War,2,2506681,http://www.songkick.com/artists/2506681-sunny-war?utm_source=59227&utm_medium=partner,Sunny War,db8451ab-9f03-4668-87c7-1dbb66aa1e6b,http://api.songkick.com/api/3.0/artists/mbid:db8451ab-9f03-4668-87c7-1dbb66aa1e6b.json,,,,,,,,,,,,,,,,
,,,,38950722,http://www.songkick.com/concerts/38950722-billy-strings-at-brooklyn-bowl?utm_source=59227&utm_medium=partner,Concert,ok,8.79E-4,"Billy Strings at Brooklyn Bowl (November 15, 2019)",,false,73786318,headline,Billy Strings,1,6565553,http://www.songkick.com/artists/6565553-billy-strings?utm_source=59227&utm_medium=partner,Billy Strings,640db492-34c4-47df-be14-96e2cd4b9fe4,http://api.songkick.com/api/3.0/artists/mbid:640db492-34c4-47df-be14-96e2cd4b9fe4.json,2019-11-15,20:00:00,2019-11-15T20:00:00-0500,493846,http://www.songkick.com/venues/493846-brooklyn-bowl?utm_source=59227&utm_medium=partner,40.72188,-73.95739,Brooklyn Bowl,7644,http://www.songkick.com/metro_areas/7644-us-new-york-nyc?utm_source=59227&utm_medium=partner,New York (NYC),NY,US,40.72188,-73.95739,"Brooklyn, NY, US"
,,,,38952387,http://www.songkick.com/concerts/38952387-mortician-at-saint-vitus?utm_source=59227&utm_medium=partner,Concert,ok,9.81E-4,"Mortician with Funerus, Sacrificial Blood, and SICK BAY at Saint Vitus (November 15, 2019)",,false,73789072,headline,Mortician,1,100509,http://www.songkick.com/artists/100509-mortician?utm_source=59227&utm_medium=partner,Mortician,e79731e0-4af1-4104-825e-e070b9592bf0,http://api.songkick.com/api/3.0/artists/mbid:e79731e0-4af1-4104-825e-e070b9592bf0.json,2019-11-15,19:30:00,2019-11-15T19:30:00-0500,1364966,http://www.songkick.com/venues/1364966-saint-vitus?utm_source=59227&utm_medium=partner,40.73677,-73.955,Saint Vitus,7644,http://www.songkick.com/metro_areas/7644-us-new-york-nyc?utm_source=59227&utm_medium=partner,New York (NYC),NY,US,40.73677,-73.955,"Brooklyn, NY, US"
,,,,,,,,,,,,,,,,,,,a3b3b71b-4b6e-4a8f-ae74-5bc17b87ef60,http://api.songkick.com/api/3.0/artists/mbid:a3b3b71b-4b6e-4a8f-ae74-5bc17b87ef60.json,,,,,,,,,,,,,,,,
,,,,,,,,,,,,73789073,support,Funerus,2,487611,http://www.songkick.com/artists/487611-funerus?utm_source=59227&utm_medium=partner,Funerus,386991ff-430c-4aca-af4d-284760c68f0e,http://api.songkick.com/api/3.0/artists/mbid:386991ff-430c-4aca-af4d-284760c68f0e.json,,,,,,,,,,,,,,,,
,,,,,,,,,,,,73789074,support,Sacrificial Blood,3,631075,http://www.songkick.com/artists/631075-sacrificial-blood?utm_source=59227&utm_medium=partner,Sacrificial Blood,c5d2441a-a659-4e82-a9f1-fd65cffdaa8f,http://api.songkick.com/api/3.0/artists/mbid:c5d2441a-a659-4e82-a9f1-fd65cffdaa8f.json,,,,,,,,,,,,,,,,
,,,,,,,,,,,,73789075,support,SICK BAY,4,1330210,http://www.songkick.com/artists/1330210-sick-bay?utm_source=59227&utm_medium=partner,SICK BAY,79052d1b-3275-47c5-bde5-2bc36de2d263,http://api.songkick.com/api/3.0/artists/mbid:79052d1b-3275-47c5-bde5-2bc36de2d263.json,,,,,,,,,,,,,,,,
,,,,38954576,http://www.songkick.com/concerts/38954576-pedrito-martinez-at-92nd-street-y?utm_source=59227&utm_medium=partner,Concert,ok,4.96E-4,"Pedrito Martinez with Jhair Sala, Isaac Delgado En Vivo, Sebastian Natal, and 1 moreâ€¦ at 92nd Street Y (November 15, 2019)",,false,73792632,headline,Pedrito Martinez,1,633612,http://www.songkick.com/artists/633612-pedrito-martinez?utm_source=59227&utm_medium=partner,Pedrito Martinez,5c976a22-2939-4c88-b593-f22080e7f50b,http://api.songkick.com/api/3.0/artists/mbid:5c976a22-2939-4c88-b593-f22080e7f50b.json,2019-11-15,19:30:00,2019-11-15T19:30:00-0500,558491,http://www.songkick.com/venues/558491-92nd-street-y?utm_source=59227&utm_medium=partner,40.78275,-73.95291,92nd Street Y,7644,http://www.songkick.com/metro_areas/7644-us-new-york-nyc?utm_source=59227&utm_medium=partner,New York (NYC),NY,US,40.78275,-73.95291,"New York (NYC), NY, US"
,,,,,,,,,,,,73996421,support,Jhair Sala,2,9292829,http://www.songkick.com/artists/9292829-jhair-sala?utm_source=59227&utm_medium=partner,Jhair Sala,,,,,,,,,,,,,,,,,,
,,,,,,,,,,,,73996422,support,Isaac Delgado En Vivo,3,4175166,http://www.songkick.com/artists/4175166-isaac-delgado-en-vivo?utm_source=59227&utm_medium=partner,Isaac Delgado En Vivo,,,,,,,,,,,,,,,,,,
,,,,,,,,,,,,73996423,support,Sebastian Natal,4,9292814,http://www.songkick.com/artists/9292814-sebastian-natal?utm_source=59227&utm_medium=partner,Sebastian Natal,,,,,,,,,,,,,,,,,,
,,,,,,,,,,,,73996424,support,Xito Lovell,5,10072076,http://www.songkick.com/artists/10072076-xito-lovell?utm_source=59227&utm_medium=partner,Xito Lovell,,,,,,,,,,,,,,,,,,
,,,,38974840,http://www.songkick.com/concerts/38974840-loud-luxury-at-great-hall-avant-gardner?utm_source=59227&utm_medium=partner,Concert,ok,0.023406,"Loud Luxury with Black Caviar at Great Hall, Avant Gardner (November 15, 2019)",,false,73827044,headline,Loud Luxury,1,5862829,http://www.songkick.com/artists/5862829-loud-luxury?utm_source=59227&utm_medium=partner,Loud Luxury,4c445344-9df2-407e-9bf3-8a5c0b86777e,http://api.songkick.com/api/3.0/artists/mbid:4c445344-9df2-407e-9bf3-8a5c0b86777e.json,2019-11-15,21:00:00,2019-11-15T21:00:00-0500,3721144,http://www.songkick.com/venues/3721144-great-hall-avant-gardner?utm_source=59227&utm_medium=partner,40.71068,-73.92635,"Great Hall, Avant Gardner",7644,http://www.songkick.com/metro_areas/7644-us-new-york-nyc?utm_source=59227&utm_medium=partner,New York (NYC),NY,US,40.71068,-73.92635,"Brooklyn, NY, US"
,,,,,,,,,,,,74034966,support,Black Caviar,2,7257274,http://www.songkick.com/artists/7257274-black-caviar?utm_source=59227&utm_medium=partner,Black Caviar,1d58c531-b83d-4ec1-98cd-716ab0cebde2,http://api.songkick.com/api/3.0/artists/mbid:1d58c531-b83d-4ec1-98cd-716ab0cebde2.json,,,,,,,,,,,,,,,,
,,,,38985547,http://www.songkick.com/concerts/38985547-kate-davis-at-zone-one-elsewhere?utm_source=59227&utm_medium=partner,Concert,ok,0.00121,"Kate Davis with Miss Grit and Emily Jackson at Zone One, Elsewhere (November 15, 2019)",,false,73845523,headline,Kate Davis,1,2031201,http://www.songkick.com/artists/2031201-kate-davis?utm_source=59227&utm_medium=partner,Kate Davis,756a8bb0-f9d6-44af-9760-63dd11613c99,http://api.songkick.com/api/3.0/artists/mbid:756a8bb0-f9d6-44af-9760-63dd11613c99.json,2019-11-15,18:00:00,2019-11-15T18:00:00-0500,3660404,http://www.songkick.com/venues/3660404-zone-one-elsewhere?utm_source=59227&utm_medium=partner,40.70948,-73.92319,"Zone One, Elsewhere",7644,http://www.songkick.com/metro_areas/7644-us-new-york-nyc?utm_source=59227&utm_medium=partner,New York (NYC),NY,US,40.70948,-73.92319,"Brooklyn, NY, US"
,,,,,,,,,,,,74295664,support,Miss Grit,2,9753019,http://www.songkick.com/artists/9753019-miss-grit?utm_source=59227&utm_medium=partner,Miss Grit,,,,,,,,,,,,,,,,,,
,,,,,,,,,,,,74307911,support,Emily Jackson,3,5391113,http://www.songkick.com/artists/5391113-emily-jackson?utm_source=59227&utm_medium=partner,Emily Jackson,,,,,,,,,,,,,,,,,,
,,,,39015124,http://www.songkick.com/concerts/39015124-sammy-rae-at-poisson-rouge?utm_source=59227&utm_medium=partner,Concert,ok,1.67E-4,"Sammy Rae with Melt The Band (NYC) at (le) Poisson Rouge (November 15, 2019)",,false,73895976,headline,Sammy Rae,1,3482761,http://www.songkick.com/artists/3482761-sammy-rae?utm_source=59227&utm_medium=partner,Sammy Rae,,,2019-11-15,19:00:00,2019-11-15T19:00:00-0500,3801984,http://www.songkick.com/venues/3801984-poisson-rouge?utm_source=59227&utm_medium=partner,40.72848,-74.00005,(le) Poisson Rouge,7644,http://www.songkick.com/metro_areas/7644-us-new-york-nyc?utm_source=59227&utm_medium=partner,New York (NYC),NY,US,40.72848,-74.00005,"New York (NYC), NY, US"
,,,,,,,,,,,,74197320,support,Melt The Band (NYC),2,9233199,http://www.songkick.com/artists/9233199-melt-the-band-nyc?utm_source=59227&utm_medium=partner,Melt The Band (NYC),,,,,,,,,,,,,,,,,,
,,,,39015303,http://www.songkick.com/concerts/39015303-oar-at-paramount-theater?utm_source=59227&utm_medium=partner,Concert,ok,0.061704,"O.A.R. at Paramount Theater (November 15, 2019)",,false,73896229,headline,O.A.R.,1,168886,http://www.songkick.com/artists/168886-oar?utm_source=59227&utm_medium=partner,O.A.R.,16aae9fa-d8f7-4e2c-a907-44aee1ad67fc,http://api.songkick.com/api/3.0/artists/mbid:16aae9fa-d8f7-4e2c-a907-44aee1ad67fc.json,2019-11-15,19:00:00,2019-11-15T19:00:00-0500,47068,http://www.songkick.com/venues/47068-paramount-theater?utm_source=59227&utm_medium=partner,40.62816,-74.07662,Paramount Theater,7644,http://www.songkick.com/metro_areas/7644-us-new-york-nyc?utm_source=59227&utm_medium=partner,New York (NYC),NY,US,40.62816,-74.07662,"Staten Island, NY, US"
,,,,39016008,http://www.songkick.com/concerts/39016008-trst-at-knockdown-center?utm_source=59227&utm_medium=partner,Concert,ok,0.004188,"TR/ST at Knockdown Center (November 15, 2019)",,false,73897373,headline,TR/ST,1,6137504,http://www.songkick.com/artists/6137504-trst?utm_source=59227&utm_medium=partner,TR/ST,b8e3d1ae-5983-4af1-b226-aa009b294111,http://api.songkick.com/api/3.0/artists/mbid:b8e3d1ae-5983-4af1-b226-aa009b294111.json,2019-11-15,19:00:00,2019-11-15T19:00:00-0500,1957449,http://www.songkick.com/venues/1957449-knockdown-center?utm_source=59227&utm_medium=partner,40.7154,-73.91468,Knockdown Center,7644,http://www.songkick.com/metro_areas/7644-us-new-york-nyc?utm_source=59227&utm_medium=partner,New York (NYC),NY,US,40.7154,-73.91468,"Queens, NY, US"
,,,,39018807,http://www.songkick.com/concerts/39018807-matt-nakoa-at-rockwood-music-hall-stage-3?utm_source=59227&utm_medium=partner,Concert,ok,4.6E-5,"Matt Nakoa, Allison Leah, and Robin Mitch Mitchell at Rockwood Music Hall Stage 3 (November 15, 2019)",,false,73901990,headline,Matt Nakoa,1,5611773,http://www.songkick.com/artists/5611773-matt-nakoa?utm_source=59227&utm_medium=partner,Matt Nakoa,6fece69f-c9f2-472a-bbc7-022b7739fa3a,http://api.songkick.com/api/3.0/artists/mbid:6fece69f-c9f2-472a-bbc7-022b7739fa3a.json,2019-11-15,20:15:00,2019-11-15T20:15:00-0500,2399549,http://www.songkick.com/venues/2399549-rockwood-music-hall-stage-3?utm_source=59227&utm_medium=partner,40.72207,-73.98847,Rockwood Music Hall Stage 3,7644,http://www.songkick.com/metro_areas/7644-us-new-york-nyc?utm_source=59227&utm_medium=partner,New York (NYC),NY,US,40.72207,-73.98847,"New York (NYC), NY, US"
,,,,,,,,,,,,73908259,headline,Allison Leah,2,9965269,http://www.songkick.com/artists/9965269-allison-leah?utm_source=59227&utm_medium=partner,Allison Leah,,,,,,,,,,,,,,,,,,
,,,,,,,,,,,,74073529,headline,Robin Mitch Mitchell,3,8894284,http://www.songkick.com/artists/8894284-robin-mitch-mitchell?utm_source=59227&utm_medium=partner,Robin Mitch Mitchell,,,,,,,,,,,,,,,,,,
,,,,39027167,http://www.songkick.com/concerts/39027167-alexander-geist-at-unknown-venue?utm_source=59227&utm_medium=partner,Concert,ok,2.7E-5,"Alexander Geist and Your Mom's Agency at Unknown venue (November 15, 2019)",,false,73915518,headline,Alexander Geist,1,6107949,http://www.songkick.com/artists/6107949-alexander-geist?utm_source=59227&utm_medium=partner,Alexander Geist,,,2019-11-15,,,,,40.71278,-74.00594,Unknown venue,7644,http://www.songkick.com/metro_areas/7644-us-new-york-nyc?utm_source=59227&utm_medium=partner,New York (NYC),NY,US,40.71278,-74.00594,"New York (NYC), NY, US"
,,,,,,,,,,,,73915519,headline,Your Mom's Agency,2,6256924,http://www.songkick.com/artists/6256924-your-moms-agency?utm_source=59227&utm_medium=partner,Your Mom's Agency,,,,,,,,,,,,,,,,,,
,,,,39039750,http://www.songkick.com/concerts/39039750-billy-lockett-at-rockwood-music-hall-stage-2?utm_source=59227&utm_medium=partner,Concert,ok,0.002121,"Billy Lockett at Rockwood Music Hall Stage 2 (November 15, 2019)",,false,74185844,headline,Billy Lockett,1,4235151,http://www.songkick.com/artists/4235151-billy-lockett?utm_source=59227&utm_medium=partner,Billy Lockett,f9da96bd-33cf-44c8-bb2e-938f00e0d28c,http://api.songkick.com/api/3.0/artists/mbid:f9da96bd-33cf-44c8-bb2e-938f00e0d28c.json,2019-11-15,19:00:00,2019-11-15T19:00:00-0500,1028946,http://www.songkick.com/venues/1028946-rockwood-music-hall-stage-2?utm_source=59227&utm_medium=partner,40.72243,-73.98869,Rockwood Music Hall Stage 2,7644,http://www.songkick.com/metro_areas/7644-us-new-york-nyc?utm_source=59227&utm_medium=partner,New York (NYC),NY,US,40.72243,-73.98869,"New York (NYC), NY, US"
,,,,39041457,http://www.songkick.com/concerts/39041457-carl-palmer-band-at-space-theater?utm_source=59227&utm_medium=partner,Concert,ok,2.08E-4,"Carl Palmer Band at The Space Theater (November 15, 2019)",,false,73938549,headline,Carl Palmer Band,1,244756,http://www.songkick.com/artists/244756-carl-palmer-band?utm_source=59227&utm_medium=partner,Carl Palmer Band,31eaffc7-244b-4f05-867b-9e9d574fa61e,http://api.songkick.com/api/3.0/artists/mbid:31eaffc7-244b-4f05-867b-9e9d574fa61e.json,2019-11-15,20:00:00,2019-11-15T20:00:00-0500,3400914,http://www.songkick.com/venues/3400914-space-theater?utm_source=59227&utm_medium=partner,40.75814,-73.58748,The Space Theater,7644,http://www.songkick.com/metro_areas/7644-us-new-york-nyc?utm_source=59227&utm_medium=partner,New York (NYC),NY,US,40.75814,-73.58748,"Westbury, NY, US"
,,,,39041610,http://www.songkick.com/concerts/39041610-carl-palmers-elp-legacy-at-space-at-westbury?utm_source=59227&utm_medium=partner,Concert,ok,1.74E-4,"Carl Palmer's Elp Legacy at The Space at Westbury (November 15, 2019)",,false,73938797,headline,Carl Palmer's Elp Legacy,1,6138609,http://www.songkick.com/artists/6138609-carl-palmers-elp-legacy?utm_source=59227&utm_medium=partner,Carl Palmer's Elp Legacy,7ea0ccde-997f-44ff-83e6-15cfc298728d,http://api.songkick.com/api/3.0/artists/mbid:7ea0ccde-997f-44ff-83e6-15cfc298728d.json,2019-11-15,19:00:00,2019-11-15T19:00:00-0500,2391419,http://www.songkick.com/venues/2391419-space-at-westbury?utm_source=59227&utm_medium=partner,40.75815,-73.58748,The Space at Westbury,7644,http://www.songkick.com/metro_areas/7644-us-new-york-nyc?utm_source=59227&utm_medium=partner,New York (NYC),NY,US,40.75815,-73.58748,"Westbury, NY, US"
,,,,39048132,http://www.songkick.com/concerts/39048132-birdland-big-band-at-birdland-jazz-club?utm_source=59227&utm_medium=partner,Concert,ok,2.9E-5,"The Birdland Big Band at Birdland Jazz Club (November 15, 2019)",,false,73949838,headline,The Birdland Big Band,1,3834006,http://www.songkick.com/artists/3834006-birdland-big-band?utm_source=59227&utm_medium=partner,The Birdland Big Band,,,2019-11-15,17:30:00,2019-11-15T17:30:00-0500,4211634,http://www.songkick.com/venues/4211634-birdland-jazz-club?utm_source=59227&utm_medium=partner,40.75897,-73.98962,Birdland Jazz Club,7644,http://www.songkick.com/metro_areas/7644-us-new-york-nyc?utm_source=59227&utm_medium=partner,New York (NYC),NY,US,40.75897,-73.98962,"New York (NYC), NY, US"
,,,,39051389,http://www.songkick.com/concerts/39051389-chris-pepe-at-still-partners?utm_source=59227&utm_medium=partner,Concert,ok,1.0E-6,"Chris Pepe at Still Partners (November 15, 2019)",,false,73955769,headline,Chris Pepe,1,9676534,http://www.songkick.com/artists/9676534-chris-pepe?utm_source=59227&utm_medium=partner,Chris Pepe,,,2019-11-15,18:30:00,2019-11-15T18:30:00-0500,2936013,http://www.songkick.com/venues/2936013-still-partners?utm_source=59227&utm_medium=partner,40.84909,-73.64234,Still Partners,7644,http://www.songkick.com/metro_areas/7644-us-new-york-nyc?utm_source=59227&utm_medium=partner,New York (NYC),NY,US,40.84909,-73.64234,"Sea Cliff, NY, US"
,,,,39054493,http://www.songkick.com/concerts/39054493-firehouse-at-cutting-room?utm_source=59227&utm_medium=partner,Concert,ok,0.014822,"Firehouse at The Cutting Room (November 15, 2019)",,false,73960637,headline,Firehouse,1,269513,http://www.songkick.com/artists/269513-firehouse?utm_source=59227&utm_medium=partner,Firehouse,3ca0ef91-3297-4ef8-a99a-1c1a54dc8ac7,http://api.songkick.com/api/3.0/artists/mbid:3ca0ef91-3297-4ef8-a99a-1c1a54dc8ac7.json,2019-11-15,22:00:00,2019-11-15T22:00:00-0500,31311,http://www.songkick.com/venues/31311-cutting-room?utm_source=59227&utm_medium=partner,40.74582,-73.98297,The Cutting Room,7644,http://www.songkick.com/metro_areas/7644-us-new-york-nyc?utm_source=59227&utm_medium=partner,New York (NYC),NY,US,40.74582,-73.98297,"New York (NYC), NY, US"
,,,,39066598,http://www.songkick.com/concerts/39066598-joyce-didonato-at-carnegie-hall-stern-auditorium-perelman-stage?utm_source=59227&utm_medium=partner,Concert,ok,0.005317,"Joyce DiDonato, Riccardo Muti, and Chicago Symphony Orchestra at Carnegie Hall, Stern Auditorium / Perelman Stage (November 15, 2019)",,false,73980612,headline,Joyce DiDonato,1,2233987,http://www.songkick.com/artists/2233987-joyce-didonato?utm_source=59227&utm_medium=partner,Joyce DiDonato,15e4f8a1-09f7-40c7-b9b1-93fa65b869ea,http://api.songkick.com/api/3.0/artists/mbid:15e4f8a1-09f7-40c7-b9b1-93fa65b869ea.json,2019-11-15,,,1034,http://www.songkick.com/venues/1034-carnegie-hall-stern-auditorium-perelman-stage?utm_source=59227&utm_medium=partner,40.76553,-73.98005,"Carnegie Hall, Stern Auditorium / Perelman Stage",7644,http://www.songkick.com/metro_areas/7644-us-new-york-nyc?utm_source=59227&utm_medium=partner,New York (NYC),NY,US,40.76553,-73.98005,"New York (NYC), NY, US"
,,,,,,,,,,,,73985253,headline,Riccardo Muti,2,432665,http://www.songkick.com/artists/432665-riccardo-muti?utm_source=59227&utm_medium=partner,Riccardo Muti,eb458ad6-7070-47af-ad92-968ea0b9dce2,http://api.songkick.com/api/3.0/artists/mbid:eb458ad6-7070-47af-ad92-968ea0b9dce2.json,,,,,,,,,,,,,,,,
,,,,,,,,,,,,73985254,headline,Chicago Symphony Orchestra,3,87493,http://www.songkick.com/artists/87493-chicago-symphony-orchestra?utm_source=59227&utm_medium=partner,Chicago Symphony Orchestra,509c772e-1164-4457-8d09-0553cfa77d64,http://api.songkick.com/api/3.0/artists/mbid:509c772e-1164-4457-8d09-0553cfa77d64.json,,,,,,,,,,,,,,,,
,,,,39071680,http://www.songkick.com/concerts/39071680-new-rock-city-at-broadway?utm_source=59227&utm_medium=partner,Concert,ok,8.0E-6,"New Rock City with The So Lows at The Broadway (November 15, 2019)",,false,73989415,headline,New Rock City,1,2881401,http://www.songkick.com/artists/2881401-new-rock-city?utm_source=59227&utm_medium=partner,New Rock City,,,2019-11-15,20:00:00,2019-11-15T20:00:00-0500,4261424,http://www.songkick.com/venues/4261424-broadway?utm_source=59227&utm_medium=partner,40.69094,-73.92489,The Broadway,7644,http://www.songkick.com/metro_areas/7644-us-new-york-nyc?utm_source=59227&utm_medium=partner,New York (NYC),NY,US,40.69094,-73.92489,"Brooklyn, NY, US"
,,,,,,,,,,,,74177697,support,The So Lows,2,10082525,http://www.songkick.com/artists/10082525-so-lows?utm_source=59227&utm_medium=partner,The So Lows,,,,,,,,,,,,,,,,,,
,,,,39067549,http://www.songkick.com/concerts/39067549-black-mountain-at-bowery-ballroom?utm_source=59227&utm_medium=partner,Concert,ok,0.016613,"Black Mountain with Ryley Walker at The Bowery Ballroom (November 15, 2019)",,false,73982412,headline,Black Mountain,1,528367,http://www.songkick.com/artists/528367-black-mountain?utm_source=59227&utm_medium=partner,Black Mountain,4898b9ad-f564-4ff1-9046-b1a16dfd5200,http://api.songkick.com/api/3.0/artists/mbid:4898b9ad-f564-4ff1-9046-b1a16dfd5200.json,2019-11-15,20:00:00,2019-11-15T20:00:00-0500,316,http://www.songkick.com/venues/316-bowery-ballroom?utm_source=59227&utm_medium=partner,40.72036,-73.99354,The Bowery Ballroom,7644,http://www.songkick.com/metro_areas/7644-us-new-york-nyc?utm_source=59227&utm_medium=partner,New York (NYC),NY,US,40.72036,-73.99354,"New York (NYC), NY, US"
,,,,,,,,,,,,73996337,support,Ryley Walker,2,3723841,http://www.songkick.com/artists/3723841-ryley-walker?utm_source=59227&utm_medium=partner,Ryley Walker,795d12c3-099e-4195-8f40-6764472db494,http://api.songkick.com/api/3.0/artists/mbid:795d12c3-099e-4195-8f40-6764472db494.json,,,,,,,,,,,,,,,,
,,,,39077445,http://www.songkick.com/concerts/39077445-atliens-at-lost-circus-avant-gardner?utm_source=59227&utm_medium=partner,Concert,ok,0.001787,"ATLiens with Ray Volpe and JEANIE (US) at Lost Circus, Avant Gardner (November 15, 2019)",,false,73999276,headline,ATLiens,1,601766,http://www.songkick.com/artists/601766-atliens?utm_source=59227&utm_medium=partner,ATLiens,254a3d89-75eb-4df6-9bad-4a88beaeed93,http://api.songkick.com/api/3.0/artists/mbid:254a3d89-75eb-4df6-9bad-4a88beaeed93.json,2019-11-15,19:00:00,2019-11-15T19:00:00-0500,4094609,http://www.songkick.com/venues/4094609-lost-circus-avant-gardner?utm_source=59227&utm_medium=partner,40.71074,-73.92579,"Lost Circus, Avant Gardner",7644,http://www.songkick.com/metro_areas/7644-us-new-york-nyc?utm_source=59227&utm_medium=partner,New York (NYC),NY,US,40.71074,-73.92579,"Brooklyn, NY, US"
,,,,,,,,,,,,73999277,support,Ray Volpe,2,7455719,http://www.songkick.com/artists/7455719-ray-volpe?utm_source=59227&utm_medium=partner,Ray Volpe,1f35049a-ca31-461b-abf1-2df4b5b69930,http://api.songkick.com/api/3.0/artists/mbid:1f35049a-ca31-461b-abf1-2df4b5b69930.json,,,,,,,,,,,,,,,,
,,,,,,,,,,,,74330985,support,JEANIE (US),3,9198314,http://www.songkick.com/artists/9198314-jeanie-us?utm_source=59227&utm_medium=partner,JEANIE (US),,,,,,,,,,,,,,,,,,
,,,,39084002,http://www.songkick.com/concerts/39084002-new-york-philharmonic-at-david-geffen-hall-lincoln-center?utm_source=59227&utm_medium=partner,Concert,ok,0.008147,"New York Philharmonic and Bryce Dessner at David Geffen Hall, Lincoln Center (November 15, 2019)",,false,74010764,headline,New York Philharmonic,1,523856,http://www.songkick.com/artists/523856-new-york-philharmonic?utm_source=59227&utm_medium=partner,New York Philharmonic,7cdb68bc-c4f1-4a92-9bd2-739641c5eff0,http://api.songkick.com/api/3.0/artists/mbid:7cdb68bc-c4f1-4a92-9bd2-739641c5eff0.json,2019-11-15,20:00:00,2019-11-15T20:00:00-0500,6204,http://www.songkick.com/venues/6204-david-geffen-hall-lincoln-center?utm_source=59227&utm_medium=partner,40.7723,-73.98295,"David Geffen Hall, Lincoln Center",7644,http://www.songkick.com/metro_areas/7644-us-new-york-nyc?utm_source=59227&utm_medium=partner,New York (NYC),NY,US,40.7723,-73.98295,"New York (NYC), NY, US"
,,,,,,,,,,,,74010765,headline,Bryce Dessner,2,2750056,http://www.songkick.com/artists/2750056-bryce-dessner?utm_source=59227&utm_medium=partner,Bryce Dessner,20336142-85de-4e11-a1fd-a6c815b4e583,http://api.songkick.com/api/3.0/artists/mbid:20336142-85de-4e11-a1fd-a6c815b4e583.json,,,,,,,,,,,,,,,,
,,,,39085212,http://www.songkick.com/concerts/39085212-katherine-young-at-issue-project-room?utm_source=59227&utm_medium=partner,Concert,ok,5.0E-6,"Katherine Young with Ryoko Akama at Issue Project Room (November 15, 2019)",,false,74012772,headline,Katherine Young,1,1667337,http://www.songkick.com/artists/1667337-katherine-young?utm_source=59227&utm_medium=partner,Katherine Young,,,2019-11-15,,,31318,http://www.songkick.com/venues/31318-issue-project-room?utm_source=59227&utm_medium=partner,40.6908,-73.98956,Issue Project Room,7644,http://www.songkick.com/metro_areas/7644-us-new-york-nyc?utm_source=59227&utm_medium=partner,New York (NYC),NY,US,40.6908,-73.98956,"Brooklyn, NY, US"
,,,,,,,,,,,,74012773,support,Ryoko Akama,2,6017909,http://www.songkick.com/artists/6017909-ryoko-akama?utm_source=59227&utm_medium=partner,Ryoko Akama,,,,,,,,,,,,,,,,,,
,,,,39092435,http://www.songkick.com/concerts/39092435-pokey-lafarge-at-bell-house?utm_source=59227&utm_medium=partner,Concert,ok,0.004983,"Pokey LaFarge with Jake La Botz at The Bell House (November 15, 2019)",,false,74025279,headline,Pokey LaFarge,1,271625,http://www.songkick.com/artists/271625-pokey-lafarge?utm_source=59227&utm_medium=partner,Pokey LaFarge,c76dd1b2-b35f-48c6-89e3-09dadb67284c,http://api.songkick.com/api/3.0/artists/mbid:c76dd1b2-b35f-48c6-89e3-09dadb67284c.json,2019-11-15,20:30:00,2019-11-15T20:30:00-0500,33018,http://www.songkick.com/venues/33018-bell-house?utm_source=59227&utm_medium=partner,40.67352,-73.99176,The Bell House,7644,http://www.songkick.com/metro_areas/7644-us-new-york-nyc?utm_source=59227&utm_medium=partner,New York (NYC),NY,US,40.67352,-73.99176,"Brooklyn, NY, US"
,,,,,,,,,,,,74079281,support,Jake La Botz,2,515119,http://www.songkick.com/artists/515119-jake-la-botz?utm_source=59227&utm_medium=partner,Jake La Botz,c1396b82-3fde-4b8c-8534-266e4a4b5f3f,http://api.songkick.com/api/3.0/artists/mbid:c1396b82-3fde-4b8c-8534-266e4a4b5f3f.json,,,,,,,,,,,,,,,,
,,,,39093617,http://www.songkick.com/concerts/39093617-ryan-caraveo-at-babys-all-right?utm_source=59227&utm_medium=partner,Concert,ok,0.00674,"Ryan Caraveo and Khary at Baby's All Right (November 15, 2019)",,false,74027277,headline,Ryan Caraveo,1,8204888,http://www.songkick.com/artists/8204888-ryan-caraveo?utm_source=59227&utm_medium=partner,Ryan Caraveo,b99fdd7c-65c7-461e-a485-f31367f286f9,http://api.songkick.com/api/3.0/artists/mbid:b99fdd7c-65c7-461e-a485-f31367f286f9.json,2019-11-15,18:30:00,2019-11-15T18:30:00-0500,2445014,http://www.songkick.com/venues/2445014-babys-all-right?utm_source=59227&utm_medium=partner,40.70999,-73.96347,Baby's All Right,7644,http://www.songkick.com/metro_areas/7644-us-new-york-nyc?utm_source=59227&utm_medium=partner,New York (NYC),NY,US,40.70999,-73.96347,"Brooklyn, NY, US"
,,,,,,,,,,,,74284162,headline,Khary,2,8876204,http://www.songkick.com/artists/8876204-khary?utm_source=59227&utm_medium=partner,Khary,8261afea-acbf-4952-a968-fdec4bfcc631,http://api.songkick.com/api/3.0/artists/mbid:8261afea-acbf-4952-a968-fdec4bfcc631.json,,,,,,,,,,,,,,,,
,,,,39095661,http://www.songkick.com/concerts/39095661-amy-rivard-at-tavern-on-the-green?utm_source=59227&utm_medium=partner,Concert,ok,1.1E-5,"Amy Rivard at Tavern On The Green (November 15, 2019)",,false,74030796,headline,Amy Rivard,1,8666139,http://www.songkick.com/artists/8666139-amy-rivard?utm_source=59227&utm_medium=partner,Amy Rivard,,,2019-11-15,19:00:00,2019-11-15T19:00:00-0500,347491,http://www.songkick.com/venues/347491-tavern-on-the-green?utm_source=59227&utm_medium=partner,40.77352,-73.97884,Tavern On The Green,7644,http://www.songkick.com/metro_areas/7644-us-new-york-nyc?utm_source=59227&utm_medium=partner,New York (NYC),NY,US,40.77352,-73.97884,"New York (NYC), NY, US"
,,,,39098065,http://www.songkick.com/concerts/39098065-anna-tivel-at-jalopy-theatre?utm_source=59227&utm_medium=partner,Concert,ok,4.37E-4,"Anna Tivel and Maya de Vitry at Jalopy Theatre (November 15, 2019)",,false,74034579,headline,Anna Tivel,1,5201748,http://www.songkick.com/artists/5201748-anna-tivel?utm_source=59227&utm_medium=partner,Anna Tivel,b3d440ac-3bb9-46bf-adc1-4b46d2eb0d4e,http://api.songkick.com/api/3.0/artists/mbid:b3d440ac-3bb9-46bf-adc1-4b46d2eb0d4e.json,2019-11-15,20:00:00,2019-11-15T20:00:00-0500,31304,http://www.songkick.com/venues/31304-jalopy-theatre?utm_source=59227&utm_medium=partner,40.68131,-74.0042,Jalopy Theatre,7644,http://www.songkick.com/metro_areas/7644-us-new-york-nyc?utm_source=59227&utm_medium=partner,New York (NYC),NY,US,40.68131,-74.0042,"Brooklyn, NY, US"
,,,,,,,,,,,,74034580,headline,Maya de Vitry,2,9404214,http://www.songkick.com/artists/9404214-maya-de-vitry?utm_source=59227&utm_medium=partner,Maya de Vitry,,,,,,,,,,,,,,,,,,
,,,,39100577,http://www.songkick.com/concerts/39100577-b-l-u-e-o-x-at-bowery-electric?utm_source=59227&utm_medium=partner,Concert,ok,0,"B L U E O X at Bowery Electric (November 15, 2019)",,false,74038834,headline,B L U E O X,1,10059846,http://www.songkick.com/artists/10059846-b-l-u-e-o-x?utm_source=59227&utm_medium=partner,B L U E O X,,,2019-11-15,19:00:00,2019-11-15T19:00:00-0500,34628,http://www.songkick.com/venues/34628-bowery-electric?utm_source=59227&utm_medium=partner,40.72575,-73.9918,Bowery Electric,7644,http://www.songkick.com/metro_areas/7644-us-new-york-nyc?utm_source=59227&utm_medium=partner,New York (NYC),NY,US,40.72575,-73.9918,"New York (NYC), NY, US"
,,,,39103954,http://www.songkick.com/concerts/39103954-david-byrne-at-hudson-theatre?utm_source=59227&utm_medium=partner,Concert,ok,0.037663,"David Byrne at Hudson Theatre (November 15, 2019)",,false,74044558,headline,David Byrne,1,275672,http://www.songkick.com/artists/275672-david-byrne?utm_source=59227&utm_medium=partner,David Byrne,d4659efb-b8eb-4f03-95e9-f69ce35967a9,http://api.songkick.com/api/3.0/artists/mbid:d4659efb-b8eb-4f03-95e9-f69ce35967a9.json,2019-11-15,,,106163,http://www.songkick.com/venues/106163-hudson-theatre?utm_source=59227&utm_medium=partner,40.75694,-73.98487,Hudson Theatre,7644,http://www.songkick.com/metro_areas/7644-us-new-york-nyc?utm_source=59227&utm_medium=partner,New York (NYC),NY,US,40.75694,-73.98487,"New York (NYC), NY, US"
,,,,39109378,http://www.songkick.com/concerts/39109378-close-talker-at-sultan-room?utm_source=59227&utm_medium=partner,Concert,ok,5.82E-4,"Close Talker at The Sultan Room (November 15, 2019)",,false,74053637,headline,Close Talker,1,5344883,http://www.songkick.com/artists/5344883-close-talker?utm_source=59227&utm_medium=partner,Close Talker,3422f81a-7bec-40f8-9a5d-f01dea762f5f,http://api.songkick.com/api/3.0/artists/mbid:3422f81a-7bec-40f8-9a5d-f01dea762f5f.json,2019-11-15,20:00:00,2019-11-15T20:00:00-0500,4343448,http://www.songkick.com/venues/4343448-sultan-room?utm_source=59227&utm_medium=partner,40.70559,-73.92234,The Sultan Room,7644,http://www.songkick.com/metro_areas/7644-us-new-york-nyc?utm_source=59227&utm_medium=partner,New York (NYC),NY,US,40.70559,-73.92234,"Brooklyn, NY, US"
,,,,39111530,http://www.songkick.com/concerts/39111530-katastro-at-knitting-factory-brooklyn?utm_source=59227&utm_medium=partner,Concert,ok,0.002516,"Katastro at Knitting Factory - Brooklyn (November 15, 2019)",,false,74057200,headline,Katastro,1,936395,http://www.songkick.com/artists/936395-katastro?utm_source=59227&utm_medium=partner,Katastro,18a3b8bd-c7e9-42a9-8691-478ebde596b5,http://api.songkick.com/api/3.0/artists/mbid:18a3b8bd-c7e9-42a9-8691-478ebde596b5.json,2019-11-15,19:30:00,2019-11-15T19:30:00-0500,664591,http://www.songkick.com/venues/664591-knitting-factory-brooklyn?utm_source=59227&utm_medium=partner,40.7143,-73.95587,Knitting Factory - Brooklyn,7644,http://www.songkick.com/metro_areas/7644-us-new-york-nyc?utm_source=59227&utm_medium=partner,New York (NYC),NY,US,40.7143,-73.95587,"Brooklyn, NY, US"
,,,,39115141,http://www.songkick.com/concerts/39115141-joao-at-jazz-standard?utm_source=59227&utm_medium=partner,Concert,ok,4.6E-5,"Joao at Jazz Standard (November 15, 2019)",,false,74063343,headline,Joao,1,534338,http://www.songkick.com/artists/534338-joao?utm_source=59227&utm_medium=partner,Joao,,,2019-11-15,19:30:00,2019-11-15T19:30:00-0500,217,http://www.songkick.com/venues/217-jazz-standard?utm_source=59227&utm_medium=partner,40.74236,-73.98373,Jazz Standard,7644,http://www.songkick.com/metro_areas/7644-us-new-york-nyc?utm_source=59227&utm_medium=partner,New York (NYC),NY,US,40.74236,-73.98373,"New York (NYC), NY, US"
